home_team,away_team,date,time,HomeElo,AwayElo,EloDiff,home_win_prob,draw_prob,away_win_prob,predicted_outcome
Liverpool,AFC Bournemouth,2025-08-15,20:00,1993.41784668,1808.09533691,185.3225097699999,0.7409765662776424,0.19615991331683102,0.06286352040552658,H
Aston Villa,Newcastle United,2025-08-16,15:00,1872.8392334,1868.5526123,4.286621100000048,0.5147208649931838,0.2501713555273081,0.23510777947950803,H
Brighton & Hove Albion,Fulham,2025-08-16,15:00,1827.12902832,1781.72058105,45.408447270000124,0.5554021606209563,0.24807164346941452,0.19652619590962925,H
Sunderland,West Ham United,2025-08-16,15:00,1547.09912109,1750.13244629,-203.03332520000004,0.15457526149913622,0.17283508652246646,0.6725896519783973,A
Tottenham Hotspur,Burnley,2025-08-16,15:00,1774.00671387,1729.59765625,44.40905762000011,0.5385196626494992,0.2507864876137865,0.21069384973671426,H
Wolves,Manchester City,2025-08-16,17:30,1735.76245117,1959.9440918,-224.18164062999995,0.17366153998029613,0.17970646008836744,0.6466319999313365,A
Chelsea,Crystal Palace,2025-08-17,14:00,1902.80114746,1835.04040527,67.76074218999997,0.6042457022530942,0.23948635795794218,0.15626793978896364,H
Nottingham Forest,Brentford,2025-08-17,14:00,1802.86804199,1811.27441406,-8.406372070000089,0.4756138397834849,0.25233477585751934,0.27205138435899573,H
Manchester United,Arsenal,2025-08-17,16:30,1799.46289062,1993.34033203,-193.87744140999985,0.22173395017413994,0.2007657481343097,0.5775003016915504,A
Leeds United,Everton,2025-08-18,20:00,1722.36022949,1793.97998047,-71.61975098000016,0.3603164376752098,0.24308010936561983,0.39660345295917027,A
West Ham United,Chelsea,2025-08-22,20:00,1750.13244629,1902.80114746,-152.66870117000008,0.25886713444666676,0.21591396038633479,0.5252189051669985,A
Manchester City,Tottenham Hotspur,2025-08-23,12:30,1959.9440918,1774.00671387,185.9373779299999,0.7351356482774697,0.19908973492334223,0.06577461679918796,H
AFC Bournemouth,Wolves,2025-08-23,15:00,1808.09533691,1735.76245117,72.33288573999994,0.5837668576756496,0.24474768473588954,0.17148545758846076,H
Brentford,Aston Villa,2025-08-23,15:00,1811.27441406,1872.8392334,-61.564819339999985,0.4027218779196079,0.24733069356362458,0.3499474285167675,H
Burnley,Sunderland,2025-08-23,15:00,1729.59765625,1547.09912109,182.49853516000007,0.684433471021894,0.22157745802808249,0.0939890709500235,H
Arsenal,Leeds United,2025-08-23,17:30,1993.34033203,1722.36022949,270.98010253999996,0.8004356518128607,0.1657479346959056,0.03381641349123371,H
Crystal Palace,Nottingham Forest,2025-08-24,14:00,1835.04040527,1802.86804199,32.17236328000013,0.5405468508753262,0.2493312893063532,0.21012185981832054,H
Everton,Brighton & Hove Albion,2025-08-24,14:00,1793.97998047,1827.12902832,-33.14904784999999,0.4378622097051178,0.25102044134783763,0.3111173489470446,H
Fulham,Manchester United,2025-08-24,16:30,1781.72058105,1799.46289062,-17.74230957000009,0.455845358461252,0.2522861666865644,0.29186847485218365,H
Newcastle United,Liverpool,2025-08-25,20:00,1868.5526123,1993.41784668,-124.86523437999995,0.3307846084685164,0.2335962984098835,0.4356190931216002,A
Aston Villa,Crystal Palace,2025-08-29,20:00,1872.8392334,1835.04040527,37.79882812999995,0.5589120175802751,0.24675224813028493,0.19433573428944,H
Chelsea,Fulham,2025-08-30,12:30,1902.80114746,1781.72058105,121.08056641000007,0.6632722311561874,0.22559806307131383,0.11112970577249882,H
Manchester United,Burnley,2025-08-30,15:00,1799.46289062,1729.59765625,69.86523437000005,0.5783155423422782,0.2457324125645103,0.1759520450932115,H
Sunderland,Brentford,2025-08-30,15:00,1547.09912109,1811.27441406,-264.1752929700001,0.10537014299064058,0.1404034099957087,0.7542264470136507,A
Tottenham Hotspur,AFC Bournemouth,2025-08-30,15:00,1774.00671387,1808.09533691,-34.0886230399999,0.4301837113702812,0.25092603988968815,0.31889024874003064,H
Wolves,Everton,2025-08-30,15:00,1735.76245117,1793.97998047,-58.217529300000024,0.3835746973737143,0.24658047513372117,0.3698448274925645,H
Leeds United,Newcastle United,2025-08-30,17:30,1722.36022949,1868.5526123,-146.19238281000003,0.2593734168853132,0.21671568674991507,0.5239108963647717,A
Brighton & Hove Albion,Manchester City,2025-08-31,14:00,1827.12902832,1959.9440918,-132.81506347999994,0.3072577897892029,0.22882107808239796,0.4639211321283992,A
Nottingham Forest,West Ham United,2025-08-31,14:00,1802.86804199,1750.13244629,52.735595699999976,0.5577513877596221,0.24831051960762368,0.19393809263275424,H
Liverpool,Arsenal,2025-08-31,16:30,1993.41784668,1993.34033203,0.0775146500000119,0.5453498868976826,0.24561317515053932,0.2090369379517782,H
Arsenal,Nottingham Forest,2025-09-13,12:30,1993.34033203,1802.86804199,190.47229003999996,0.7450282707517193,0.19435145529543146,0.060620273952849274,H
AFC Bournemouth,Brighton & Hove Albion,2025-09-13,15:00,1808.09533691,1827.12902832,-19.033691410000074,0.4623358883009883,0.2519170206773523,0.2857470910216593,H
Crystal Palace,Sunderland,2025-09-13,15:00,1835.04040527,1547.09912109,287.94128418000014,0.7874473691001921,0.17439679859949456,0.0381558323003134,H
Everton,Aston Villa,2025-09-13,15:00,1793.97998047,1872.8392334,-78.85925292999991,0.3725135319116247,0.24347679897810773,0.38400966911026746,A
Fulham,Leeds United,2025-09-13,15:00,1781.72058105,1722.36022949,59.360351560000026,0.5600897617425975,0.24847470898458687,0.19143552927281565,H
Newcastle United,Wolves,2025-09-13,15:00,1868.5526123,1735.76245117,132.7901611299999,0.6671557190856733,0.22499419555751074,0.10785008535681596,H
West Ham United,Tottenham Hotspur,2025-09-13,17:30,1750.13244629,1774.00671387,-23.87426758000015,0.43716067809776893,0.25199855832117757,0.3108407635810536,H
Brentford,Chelsea,2025-09-13,20:00,1811.27441406,1902.80114746,-91.52673340000001,0.35993699701850435,0.24089323787303712,0.39916976510845853,A
Burnley,Liverpool,2025-09-14,14:00,1729.59765625,1993.41784668,-263.8201904299999,0.13583862133556693,0.15820610188799528,0.7059552767764378,A
Manchester City,Manchester United,2025-09-14,16:30,1959.9440918,1799.46289062,160.48120117999997,0.7135660422979592,0.20788723562701947,0.07854672207502135,H
Liverpool,Everton,2025-09-20,12:30,1993.41784668,1793.97998047,199.4378662099998,0.7519612356779706,0.19116875251973375,0.05687001180229562,H
AFC Bournemouth,Newcastle United,2025-09-20,15:00,1808.09533691,1868.5526123,-60.45727538999995,0.40329835710519407,0.24747433504550537,0.3492273078493006,H
Brighton & Hove Albion,Tottenham Hotspur,2025-09-20,15:00,1827.12902832,1774.00671387,53.122314449999976,0.5652320440555527,0.24693731023854074,0.18783064570590668,H
Burnley,Nottingham Forest,2025-09-20,15:00,1729.59765625,1802.86804199,-73.27038573999994,0.3602432329586921,0.24289391597112264,0.3968628510701853,A
West Ham United,Crystal Palace,2025-09-20,15:00,1750.13244629,1835.04040527,-84.9079589800001,0.35021408057909365,0.24050485454033343,0.40928106488057303,A
Wolves,Leeds United,2025-09-20,15:00,1735.76245117,1722.36022949,13.402221680000139,0.48504290025480973,0.25390305543710523,0.26105404430808504,H
Manchester United,Chelsea,2025-09-20,17:30,1799.46289062,1902.80114746,-103.33825683999999,0.3396044926374486,0.23715967051288417,0.4232358368496673,A
Fulham,Brentford,2025-09-20,20:00,1781.72058105,1811.27441406,-29.553833010000062,0.4390925191602643,0.25138898948564714,0.30951849135408854,H
Sunderland,Aston Villa,2025-09-21,14:00,1547.09912109,1872.8392334,-325.7401123100001,0.06941852705420991,0.11036475834550719,0.8202167146002828,A
Arsenal,Manchester City,2025-09-21,16:30,1993.34033203,1959.9440918,33.396240229999876,0.587670859333511,0.24056260826985532,0.17176653239663364,H
Brentford,Manchester United,2025-09-27,12:30,1811.27441406,1799.46289062,11.811523439999974,0.5061408680933813,0.2518459367611781,0.24201319514544056,H
Aston Villa,Fulham,2025-09-27,15:00,1872.8392334,1781.72058105,91.11865235000005,0.6233881405146013,0.2361851283116212,0.1404267311737774,H
Chelsea,Brighton & Hove Albion,2025-09-27,15:00,1902.80114746,1827.12902832,75.67211913999995,0.613522801584675,0.23770715110916515,0.14877004730615997,H
Crystal Palace,Liverpool,2025-09-27,15:00,1835.04040527,1993.41784668,-158.37744140999985,0.2754418137121229,0.2194585322004555,0.5050996540874216,A
Leeds United,AFC Bournemouth,2025-09-27,15:00,1722.36022949,1808.09533691,-85.73510742000008,0.3404539635951757,0.23917075626274437,0.4203752801420799,A
Manchester City,Burnley,2025-09-27,15:00,1959.9440918,1729.59765625,230.34643555000002,0.7687837750945568,0.18330005920617376,0.04791616569926936,H
Nottingham Forest,Sunderland,2025-09-27,17:30,1802.86804199,1547.09912109,255.7689209,0.7603086969375428,0.18906615764628446,0.05062514541617271,H
Tottenham Hotspur,Wolves,2025-09-27,14:00,1774.00671387,1735.76245117,38.244262700000036,0.5303948939298675,0.2514095391744384,0.218195566895694,H
Newcastle United,Arsenal,2025-09-27,16:30,1868.5526123,1993.34033203,-124.78771972999994,0.3308927258419707,0.23362069874939284,0.43548657540863644,A
Everton,West Ham United,2025-09-28,20:00,1793.97998047,1750.13244629,43.84753418000014,0.5436840273944037,0.24991884400131642,0.20639712860427983,H
AFC Bournemouth,Fulham,2025-10-04,TBD,1808.09533691,1781.72058105,26.37475586000005,0.5248286487454918,0.25104377156667157,0.22412757968783661,H
Arsenal,West Ham United,2025-10-04,TBD,1993.34033203,1750.13244629,243.20788573999994,0.7829574478689675,0.17557284797485823,0.0414697041561743,H
Aston Villa,Burnley,2025-10-04,TBD,1872.8392334,1729.59765625,143.24157715,0.6785978618432387,0.2213981000638304,0.10000403809293094,H
Brentford,Manchester City,2025-10-04,TBD,1811.27441406,1959.9440918,-148.66967774,0.28134389247427305,0.22183085681229306,0.49682525071343375,A
Chelsea,Liverpool,2025-10-04,TBD,1902.80114746,1993.41784668,-90.61669921999987,0.39014385620859143,0.24355223857246147,0.36630390521894707,H
Everton,Crystal Palace,2025-10-04,TBD,1793.97998047,1835.04040527,-41.060424799999964,0.4265754012823185,0.25016301501848487,0.32326158369919666,H
Leeds United,Tottenham Hotspur,2025-10-04,TBD,1722.36022949,1774.00671387,-51.646484380000174,0.3887135805935903,0.24763565916529343,0.3636507602411162,H
Manchester United,Sunderland,2025-10-04,TBD,1799.46289062,1547.09912109,252.36376953000013,0.7572310949979587,0.19062365959057062,0.05214524541147075,H
Newcastle United,Nottingham Forest,2025-10-04,TBD,1868.5526123,1802.86804199,65.68457031000003,0.5924211846190571,0.2421988539769663,0.16537996140397657,H
Wolves,Brighton & Hove Albion,2025-10-04,TBD,1735.76245117,1827.12902832,-91.36657715000001,0.3367135577922081,0.23804829036440775,0.4252381518433842,A
Brighton & Hove Albion,Newcastle United,2025-10-18,TBD,1827.12902832,1868.5526123,-41.423583979999876,0.43659082398940324,0.2501589000596292,0.31325027595096755,H
Burnley,Leeds United,2025-10-18,TBD,1729.59765625,1722.36022949,7.237426760000062,0.47455889484408353,0.2539905628205943,0.2714505423353221,H
Crystal Palace,AFC Bournemouth,2025-10-18,TBD,1835.04040527,1808.09533691,26.94506836000005,0.5336617732781046,0.24987424021778692,0.21646398650410853,H
Fulham,Arsenal,2025-10-18,TBD,1781.72058105,1993.34033203,-211.61975097999994,0.19729280732850457,0.19041964311731865,0.6122875495541767,A
Liverpool,Manchester United,2025-10-18,TBD,1993.41784668,1799.46289062,193.95495605999986,0.7477540928388138,0.1931126117515777,0.05913329540960851,H
Manchester City,Everton,2025-10-18,TBD,1959.9440918,1793.97998047,165.96411132999992,0.7183596111467692,0.20601800211228424,0.07562238674094651,H
Nottingham Forest,Chelsea,2025-10-18,TBD,1802.86804199,1902.80114746,-99.9331054700001,0.3454392985732368,0.23829483608571708,0.41626586534104615,A
Sunderland,Wolves,2025-10-18,TBD,1547.09912109,1735.76245117,-188.66333008000015,0.16824248680987597,0.18052030055326687,0.6512372126368572,A
Tottenham Hotspur,Aston Villa,2025-10-18,TBD,1774.00671387,1872.8392334,-98.8325195299999,0.33805831927274127,0.23743169826806215,0.4245099824591966,A
West Ham United,Brentford,2025-10-18,TBD,1750.13244629,1811.27441406,-61.141967770000065,0.38394241747934277,0.24629162163236026,0.369765960888297,H
AFC Bournemouth,Nottingham Forest,2025-10-25,TBD,1808.09533691,1802.86804199,5.227294920000077,0.4961478988256475,0.25216668907363976,0.2516854121007127,H
Arsenal,Crystal Palace,2025-10-25,TBD,1993.34033203,1835.04040527,158.29992675999983,0.7184871758897895,0.20554791722752058,0.07596490688268984,H
Aston Villa,Manchester City,2025-10-25,TBD,1872.8392334,1959.9440918,-87.10485840000001,0.3856651777412541,0.2436284522650036,0.37070636999374224,H
Brentford,Liverpool,2025-10-25,TBD,1811.27441406,1993.41784668,-182.14343261999988,0.23883376645386398,0.20729099127655704,0.5538752422695791,A
Chelsea,Sunderland,2025-10-25,TBD,1902.80114746,1547.09912109,355.7020263700001,0.8344919891241954,0.1448051129064647,0.020702897969339915,H
Everton,Tottenham Hotspur,2025-10-25,TBD,1793.97998047,1774.00671387,19.973266599999988,0.5119463545341157,0.2520104041367816,0.23604324132910265,H
Leeds United,West Ham United,2025-10-25,TBD,1722.36022949,1750.13244629,-27.772216800000024,0.4228025409635492,0.25152402282139896,0.3256734362150518,H
Manchester United,Brighton & Hove Albion,2025-10-25,TBD,1799.46289062,1827.12902832,-27.666137700000036,0.4473966758327034,0.2514727498388013,0.3011305743284953,H
Newcastle United,Fulham,2025-10-25,TBD,1868.5526123,1781.72058105,86.83203125,0.6173699080689129,0.23754304442089458,0.14508704751019252,H
Wolves,Burnley,2025-10-25,TBD,1735.76245117,1729.59765625,6.164794920000077,0.47498754837449,0.2538552155035528,0.2711572361219572,H
Brighton & Hove Albion,Leeds United,2025-11-01,TBD,1827.12902832,1722.36022949,104.76879883000015,0.6269735104181141,0.23619464721221822,0.13683184236966775,H
Burnley,Arsenal,2025-11-01,TBD,1729.59765625,1993.34033203,-263.7426757799999,0.13590392659847275,0.15824697062008514,0.7058491027814423,A
Crystal Palace,Brentford,2025-11-01,TBD,1835.04040527,1811.27441406,23.76599121000004,0.52944502402815,0.25017080553822213,0.22038417043362793,H
Fulham,Wolves,2025-11-01,TBD,1781.72058105,1735.76245117,45.95812987999989,0.5428238770582421,0.2502530846321515,0.20692303830960637,H
Liverpool,Aston Villa,2025-11-01,TBD,1993.41784668,1872.8392334,120.5786132799999,0.6837731346471317,0.21795815415505745,0.09826871119781083,H
Manchester City,AFC Bournemouth,2025-11-01,TBD,1959.9440918,1808.09533691,151.84875489,0.7058506951509577,0.2107950680414705,0.0833542368075719,H
Nottingham Forest,Manchester United,2025-11-01,TBD,1802.86804199,1799.46289062,3.405151369999885,0.49202162217640577,0.2523437189574554,0.2556346588661388,H
Sunderland,Everton,2025-11-01,TBD,1547.09912109,1793.97998047,-246.88085938000017,0.11784386337413313,0.14942468865248368,0.7327314479733832,A
Tottenham Hotspur,Chelsea,2025-11-01,TBD,1774.00671387,1902.80114746,-128.79443358999993,0.2969130777086963,0.22724886656296636,0.4758380557283373,A
West Ham United,Newcastle United,2025-11-01,TBD,1750.13244629,1868.5526123,-118.42016601,0.3038349105015975,0.22970796500263507,0.46645712449576743,A
Aston Villa,AFC Bournemouth,2025-11-08,TBD,1872.8392334,1808.09533691,64.74389649,0.5924639992961784,0.2421099127515976,0.16542608795222394,H
Brentford,Newcastle United,2025-11-08,TBD,1811.27441406,1868.5526123,-57.27819823999994,0.40886475884967444,0.24803466058386717,0.3431005805664584,H
Chelsea,Wolves,2025-11-08,TBD,1902.80114746,1735.76245117,167.03869628999996,0.7075279269661106,0.2109280695183713,0.08154400351551802,H
Crystal Palace,Brighton & Hove Albion,2025-11-08,TBD,1835.04040527,1827.12902832,7.911376949999976,0.5081031264713266,0.25125727986952195,0.2406395936591514,H
Everton,Fulham,2025-11-08,TBD,1793.97998047,1781.72058105,12.259399420000136,0.5014475635092049,0.25236502244087033,0.24618741404992467,H
Manchester City,Liverpool,2025-11-08,TBD,1959.9440918,1993.41784668,-33.47375487999989,0.489702696945021,0.24885553444286942,0.2614417686121096,H
Nottingham Forest,Leeds United,2025-11-08,TBD,1802.86804199,1722.36022949,80.5078125,0.592255431649474,0.2434815281472567,0.1642630402032692,H
Sunderland,Arsenal,2025-11-08,TBD,1547.09912109,1993.34033203,-446.24121094,0.028768784259758637,0.06462370835746467,0.9066075073827766,A
Tottenham Hotspur,Manchester United,2025-11-08,TBD,1774.00671387,1799.46289062,-25.45617674999994,0.4424749688723491,0.25178307261476435,0.3057419585128865,H
West Ham United,Burnley,2025-11-08,TBD,1750.13244629,1729.59765625,20.53479003999996,0.4992971595113418,0.2533921004242938,0.24731074006436435,H
AFC Bournemouth,West Ham United,2025-11-22,TBD,1808.09533691,1750.13244629,57.96289062000005,0.5658951106128427,0.24723881385806543,0.18686607552909193,H
Arsenal,Tottenham Hotspur,2025-11-22,TBD,1993.34033203,1774.00671387,219.3336181599998,0.766597007300803,0.18408902628993432,0.049313966409262736,H
Brighton & Hove Albion,Brentford,2025-11-22,TBD,1827.12902832,1811.27441406,15.854614260000062,0.516458875523802,0.25108586331328836,0.23245526116290968,H
Burnley,Chelsea,2025-11-22,TBD,1729.59765625,1902.80114746,-173.20349121000004,0.22813759996986752,0.20488504169947916,0.5669773583306533,A
Fulham,Sunderland,2025-11-22,TBD,1781.72058105,1547.09912109,234.62145996000004,0.7405214734242634,0.1987142842248203,0.060764242350916195,H
Leeds United,Aston Villa,2025-11-22,TBD,1722.36022949,1872.8392334,-150.47900391000007,0.25396717758716,0.21482388931181912,0.5312089331010209,A
Liverpool,Nottingham Forest,2025-11-22,TBD,1993.41784668,1802.86804199,190.54980468999997,0.7451032570304102,0.19431677717860674,0.060579965790983036,H
Manchester United,Everton,2025-11-22,TBD,1799.46289062,1793.97998047,5.482910149999952,0.49383349502022883,0.2523963046084999,0.2537702003712714,H
Newcastle United,Manchester City,2025-11-22,TBD,1868.5526123,1959.9440918,-91.39147950000006,0.37816781061768157,0.24260792676091264,0.37922426262140574,A
Wolves,Crystal Palace,2025-11-22,TBD,1735.76245117,1835.04040527,-99.27795409999999,0.3257194232996137,0.23556121755594278,0.4387193591444435,A
Aston Villa,Wolves,2025-11-29,TBD,1872.8392334,1735.76245117,137.07678222999994,0.6724803212692061,0.22331651019841067,0.10420316853238325,H
Brentford,Burnley,2025-11-29,TBD,1811.27441406,1729.59765625,81.67675781000003,0.5959622161961754,0.24268728071337894,0.16135050309044557,H
Chelsea,Arsenal,2025-11-29,TBD,1902.80114746,1993.34033203,-90.53918456999986,0.3902551688461843,0.24356756407150082,0.36617726708231496,H
Crystal Palace,Manchester United,2025-11-29,TBD,1835.04040527,1799.46289062,35.57751465000001,0.544998613696755,0.248941235354538,0.20606015094870703,H
Everton,Newcastle United,2025-11-29,TBD,1793.97998047,1868.5526123,-74.57263182999986,0.37862658140673694,0.24444802498064747,0.37692539361261557,H
Manchester City,Leeds United,2025-11-29,TBD,1959.9440918,1722.36022949,237.5838623100001,0.7738196416532827,0.18070994541845592,0.04547041292826152,H
Nottingham Forest,Brighton & Hove Albion,2025-11-29,TBD,1802.86804199,1827.12902832,-24.26098633000015,0.4533013824608915,0.2516869500679948,0.29501166747111374,H
Sunderland,AFC Bournemouth,2025-11-29,TBD,1547.09912109,1808.09533691,-260.9962158200001,0.10758029599281001,0.14204712781599912,0.7503725761911908,A
Tottenham Hotspur,Fulham,2025-11-29,TBD,1774.00671387,1781.72058105,-7.713867179999852,0.4675416792351778,0.25284566369602035,0.27961265706880184,H
West Ham United,Liverpool,2025-11-29,TBD,1750.13244629,1993.41784668,-243.28540038999995,0.15811727912669682,0.17102898578331258,0.6708537350899907,A
AFC Bournemouth,Everton,2025-12-03,TBD,1808.09533691,1793.97998047,14.115356439999914,0.508304484561287,0.2518419754298957,0.2398535400088173,H
Arsenal,Brentford,2025-12-03,TBD,1993.34033203,1811.27441406,182.06591796999987,0.7383555064599369,0.197311717575138,0.0643327759649251,H
Brighton & Hove Albion,Aston Villa,2025-12-03,TBD,1827.12902832,1872.8392334,-45.71020507999992,0.4304697182680641,0.24970317150362126,0.31982711022831467,H
Burnley,Crystal Palace,2025-12-03,TBD,1729.59765625,1835.04040527,-105.44274902000006,0.3153637345530759,0.2331908849177436,0.45144538052918043,A
Fulham,Manchester City,2025-12-03,TBD,1781.72058105,1959.9440918,-178.22351075000006,0.23575722528351736,0.20675776768363752,0.5574850070328452,A
Leeds United,Chelsea,2025-12-03,TBD,1722.36022949,1902.80114746,-180.4409179700001,0.21780638264935723,0.20077096798852953,0.5814226493621132,A
Liverpool,Sunderland,2025-12-03,TBD,1993.41784668,1547.09912109,446.31872559,0.8807833735850504,0.11029008610882586,0.008926540306123784,H
Manchester United,West Ham United,2025-12-03,TBD,1799.46289062,1750.13244629,49.33044433000009,0.5523941303467566,0.24895911858325606,0.1986467510699874,H
Newcastle United,Tottenham Hotspur,2025-12-03,TBD,1868.5526123,1774.00671387,94.54589842999985,0.6261545388220628,0.23565072134941875,0.1381947398285183,H
Wolves,Nottingham Forest,2025-12-03,TBD,1735.76245117,1802.86804199,-67.10559081999986,0.3709187128177549,0.244601920072144,0.3844793671101011,A
AFC Bournemouth,Chelsea,2025-12-06,TBD,1808.09533691,1902.80114746,-94.70581055000002,0.354440021378764,0.2399451039876741,0.4056148746335619,A
Aston Villa,Arsenal,2025-12-06,TBD,1872.8392334,1993.34033203,-120.50109862999989,0.3382100201413632,0.23512982477807834,0.42666015508055866,A
Brighton & Hove Albion,West Ham United,2025-12-06,TBD,1827.12902832,1750.13244629,76.99658203000013,0.5946826137143536,0.24260714836490552,0.16271023792074094,H
Everton,Nottingham Forest,2025-12-06,TBD,1793.97998047,1802.86804199,-8.888061519999837,0.4721577850709932,0.25248491391274863,0.27535730101625816,H
Fulham,Crystal Palace,2025-12-06,TBD,1781.72058105,1835.04040527,-53.3198242200001,0.4051391571478279,0.2483139594932009,0.3465468833589712,H
Leeds United,Liverpool,2025-12-06,TBD,1722.36022949,1993.41784668,-271.05761719,0.12857398357510455,0.153698628100429,0.7177273883244666,A
Manchester City,Sunderland,2025-12-06,TBD,1959.9440918,1547.09912109,412.8449707100001,0.8655282879973237,0.12226170433234605,0.012210007670330307,H
Newcastle United,Burnley,2025-12-06,TBD,1868.5526123,1729.59765625,138.95495604999996,0.6733661019943668,0.2231081839188883,0.1035257140867449,H
Tottenham Hotspur,Brentford,2025-12-06,TBD,1774.00671387,1811.27441406,-37.267700189999914,0.42564649004547356,0.2505539140043491,0.3237995959501774,H
Wolves,Manchester United,2025-12-06,TBD,1735.76245117,1799.46289062,-63.700439449999976,0.3757620939433005,0.24538730260609343,0.37885060345060606,A
Arsenal,Wolves,2025-12-13,TBD,1993.34033203,1735.76245117,257.5778808599998,0.792201116776436,0.17047201392148661,0.037326869302077334,H
Brentford,Leeds United,2025-12-13,TBD,1811.27441406,1722.36022949,88.91418457000009,0.6045581095949348,0.2411294467524867,0.15431244365257843,H
Burnley,Fulham,2025-12-13,TBD,1729.59765625,1781.72058105,-52.122924799999964,0.39032264966365043,0.24768511959418574,0.36199223074216375,H
Chelsea,Everton,2025-12-13,TBD,1902.80114746,1793.97998047,108.82116698999994,0.650433953574906,0.22914955280001215,0.12041649362508196,H
Crystal Palace,Manchester City,2025-12-13,TBD,1835.04040527,1959.9440918,-124.90368652999996,0.32049582075934513,0.23197689740480715,0.44752728183584783,A
Liverpool,Brighton & Hove Albion,2025-12-13,TBD,1993.41784668,1827.12902832,166.28881835999982,0.7253497804372393,0.2027984663392958,0.07185175322346486,H
Manchester United,AFC Bournemouth,2025-12-13,TBD,1799.46289062,1808.09533691,-8.632446289999962,0.474232356550612,0.2523933832218986,0.27337426022748945,H
Nottingham Forest,Tottenham Hotspur,2025-12-13,TBD,1802.86804199,1774.00671387,28.861328119999826,0.5265743738524067,0.2510474220558757,0.22237820409171763,H
Sunderland,Newcastle United,2025-12-13,TBD,1547.09912109,1868.5526123,-321.45349121000004,0.07152704412789944,0.11232726975397436,0.8161456861181262,A
West Ham United,Aston Villa,2025-12-13,TBD,1750.13244629,1872.8392334,-122.70678711000005,0.2980504936116524,0.22812260619079158,0.473826900197556,A
AFC Bournemouth,Burnley,2025-12-20,TBD,1808.09533691,1729.59765625,78.49768066000001,0.5912665024726789,0.24354688696755739,0.16518661055976375,H
Aston Villa,Manchester United,2025-12-20,TBD,1872.8392334,1799.46289062,73.37634277999996,0.6028008500383272,0.24030926360639038,0.1568898863552824,H
Brighton & Hove Albion,Sunderland,2025-12-20,TBD,1827.12902832,1547.09912109,280.02990723000016,0.7810885713906618,0.1779868904611114,0.040924538148226795,H
Everton,Arsenal,2025-12-20,TBD,1793.97998047,1993.34033203,-199.3603515599998,0.21399849889667297,0.19762487171697987,0.588376629386347,A
Fulham,Nottingham Forest,2025-12-20,TBD,1781.72058105,1802.86804199,-21.147460939999974,0.4510281491383664,0.25207022373839144,0.29690162712324225,H
Leeds United,Crystal Palace,2025-12-20,TBD,1722.36022949,1835.04040527,-112.68017578000013,0.30334601954661344,0.23022636031938823,0.46642762013399836,A
Manchester City,West Ham United,2025-12-20,TBD,1959.9440918,1750.13244629,209.81164551000006,0.7538277103292437,0.19063906363387415,0.05553322603688224,H
Newcastle United,Chelsea,2025-12-20,TBD,1868.5526123,1902.80114746,-34.248535160000074,0.45991654604761356,0.25044543304152017,0.2896380209108662,H
Tottenham Hotspur,Liverpool,2025-12-20,TBD,1774.00671387,1993.41784668,-219.4111328099998,0.18713003757878793,0.1857387354764303,0.6271312269447818,A
Wolves,Brentford,2025-12-20,TBD,1735.76245117,1811.27441406,-75.51196288999995,0.35899866865090074,0.24251928022106073,0.3984820511280385,A
Arsenal,Brighton & Hove Albion,2025-12-27,TBD,1993.34033203,1827.12902832,166.2113037099998,0.7252688030467015,0.20283242664330564,0.07189877030999282,H
Brentford,AFC Bournemouth,2025-12-27,TBD,1811.27441406,1808.09533691,3.179077150000012,0.4943101033622298,0.2521256197984777,0.2535642768392926,H
Burnley,Everton,2025-12-27,TBD,1729.59765625,1793.97998047,-64.3823242200001,0.3728516731501918,0.24506682129632584,0.3820815055534823,A
Chelsea,Aston Villa,2025-12-27,TBD,1902.80114746,1872.8392334,29.961914060000026,0.5575595525111798,0.24628995847125026,0.19615048901756985,H
Crystal Palace,Tottenham Hotspur,2025-12-27,TBD,1835.04040527,1774.00671387,61.03369139999995,0.5773897610661421,0.24516487940242207,0.1774453595314358,H
Liverpool,Wolves,2025-12-27,TBD,1993.41784668,1735.76245117,257.65539550999983,0.7922614427979455,0.1704374213795907,0.0373011358224637,H
Manchester United,Newcastle United,2025-12-27,TBD,1799.46289062,1868.5526123,-69.08972167999991,0.3881965388495605,0.24572743358311738,0.36607602756732216,H
Nottingham Forest,Manchester City,2025-12-27,TBD,1802.86804199,1959.9440918,-157.0760498100001,0.2679874972803729,0.21779292405804293,0.5142195786615842,A
Sunderland,Leeds United,2025-12-27,TBD,1547.09912109,1722.36022949,-175.2611084,0.18171173021513304,0.18761924864706292,0.630669021137804,A
West Ham United,Fulham,2025-12-27,TBD,1750.13244629,1781.72058105,-31.588134760000003,0.4261720332664138,0.2511606118154429,0.3226673549181434,H
Arsenal,Aston Villa,2025-12-30,TBD,1993.34033203,1872.8392334,120.50109862999989,0.6836800716043238,0.21798931964892776,0.0983306087467485,H
Brentford,Tottenham Hotspur,2025-12-30,TBD,1811.27441406,1774.00671387,37.267700189999914,0.5401909030931046,0.24986104064558,0.20994805626131544,H
Burnley,Newcastle United,2025-12-30,TBD,1729.59765625,1868.5526123,-138.95495604999996,0.2706674411249862,0.22033524649708952,0.5089973123779244,A
Chelsea,AFC Bournemouth,2025-12-30,TBD,1902.80114746,1808.09533691,94.70581055000002,0.6351072694742864,0.2329953362152518,0.13189739431046177,H
Crystal Palace,Fulham,2025-12-30,TBD,1835.04040527,1781.72058105,53.3198242200001,0.5677460698585675,0.24646368365374868,0.18579024648768389,H
Liverpool,Leeds United,2025-12-30,TBD,1993.41784668,1722.36022949,271.05761719,0.8004933982616936,0.16571363695535402,0.03379296478295232,H
Manchester United,Wolves,2025-12-30,TBD,1799.46289062,1735.76245117,63.700439449999976,0.5706460259413447,0.24679947243631092,0.18255450162234438,H
Nottingham Forest,Everton,2025-12-30,TBD,1802.86804199,1793.97998047,8.888061519999837,0.4995637544331923,0.2522138003976096,0.24822244516919806,H
Sunderland,Manchester City,2025-12-30,TBD,1547.09912109,1959.9440918,-412.8449707100001,0.036964818211851894,0.07544930956549768,0.8875858722226505,A
West Ham United,Brighton & Hove Albion,2025-12-30,TBD,1750.13244629,1827.12902832,-76.99658203000013,0.36139042803863386,0.2426114084668786,0.3959981634944875,A
AFC Bournemouth,Arsenal,2026-01-03,TBD,1808.09533691,1993.34033203,-185.24499511999988,0.23423092522533634,0.20559066373097734,0.5601784110436864,A
Aston Villa,Nottingham Forest,2026-01-03,TBD,1872.8392334,1802.86804199,69.97119141000007,0.5987480454718822,0.2410364729226562,0.1602154816054615,H
Brighton & Hove Albion,Burnley,2026-01-03,TBD,1827.12902832,1729.59765625,97.53137207000009,0.6187691706681434,0.23799378542235952,0.14323704390949704,H
Everton,Brentford,2026-01-03,TBD,1793.97998047,1811.27441406,-17.294433589999926,0.46034237417156687,0.2521747198856983,0.2874829059427348,H
Fulham,Liverpool,2026-01-03,TBD,1781.72058105,1993.41784668,-211.69726562999995,0.19720823458912304,0.19038034268550375,0.6124114227253732,A
Leeds United,Manchester United,2026-01-03,TBD,1722.36022949,1799.46289062,-77.10266113000012,0.3525748321112813,0.24162787867551214,0.4057972892132065,A
Manchester City,Chelsea,2026-01-03,TBD,1959.9440918,1902.80114746,57.142944339999985,0.6071050367005046,0.2378986968670763,0.154996266432419,H
Newcastle United,Crystal Palace,2026-01-03,TBD,1868.5526123,1835.04040527,33.5122070299999,0.5521511700693568,0.2475588837777096,0.20028994615293366,H
Tottenham Hotspur,Sunderland,2026-01-03,TBD,1774.00671387,1547.09912109,226.9075927800002,0.7328934439753316,0.20220606963577784,0.06490048638889055,H
Wolves,West Ham United,2026-01-03,TBD,1735.76245117,1750.13244629,-14.369995119999885,0.4461057730156004,0.2528850242033329,0.30100920278106674,H
AFC Bournemouth,Tottenham Hotspur,2026-01-07,TBD,1808.09533691,1774.00671387,34.0886230399999,0.5350676798503378,0.2503404423904715,0.21459187775919084,H
Arsenal,Liverpool,2026-01-07,TBD,1993.34033203,1993.41784668,-0.0775146500000119,0.5451234499663384,0.2456343325893387,0.2092422174443229,H
Brentford,Sunderland,2026-01-07,TBD,1811.27441406,1547.09912109,264.1752929700001,0.7677336481636046,0.1852207537571062,0.04704559807928925,H
Burnley,Manchester United,2026-01-07,TBD,1729.59765625,1799.46289062,-69.86523437000005,0.36506629175761707,0.24375332086333543,0.39118038737904753,A
Crystal Palace,Aston Villa,2026-01-07,TBD,1835.04040527,1872.8392334,-37.79882812999995,0.444267733222966,0.2504698547667675,0.30526241201026644,H
Everton,Wolves,2026-01-07,TBD,1793.97998047,1735.76245117,58.217529300000024,0.5621675562609744,0.24797999932091416,0.1898524444181115,H
Fulham,Chelsea,2026-01-07,TBD,1781.72058105,1902.80114746,-121.08056641000007,0.30965216893579317,0.23050725798191726,0.45984057308228954,A
Manchester City,Brighton & Hove Albion,2026-01-07,TBD,1959.9440918,1827.12902832,132.81506347999994,0.6880981868260369,0.21702482121089886,0.0948769919630642,H
Newcastle United,Leeds United,2026-01-07,TBD,1868.5526123,1722.36022949,146.19238281000003,0.6805166846826699,0.22084467826289703,0.09863863705443303,H
West Ham United,Nottingham Forest,2026-01-07,TBD,1750.13244629,1802.86804199,-52.735595699999976,0.3959503743228964,0.24794307682507055,0.3561065488520331,H
Aston Villa,Everton,2026-01-17,TBD,1872.8392334,1793.97998047,78.85925292999991,0.6092583426433877,0.2390934924858773,0.15164816487073488,H
Brighton & Hove Albion,AFC Bournemouth,2026-01-17,TBD,1827.12902832,1808.09533691,19.033691410000074,0.52073843365318,0.2508682985714312,0.2283932677753887,H
Chelsea,Brentford,2026-01-17,TBD,1902.80114746,1811.27441406,91.52673340000001,0.6315751152372988,0.23382207952827125,0.13460280523442988,H
Leeds United,Fulham,2026-01-17,TBD,1722.36022949,1781.72058105,-59.360351560000026,0.3777183244628194,0.24601474847835078,0.37626692705882986,H
Liverpool,Burnley,2026-01-17,TBD,1993.41784668,1729.59765625,263.8201904299999,0.796093279282733,0.1682598674394498,0.03564685327781734,H
Manchester United,Manchester City,2026-01-17,TBD,1799.46289062,1959.9440918,-160.48120117999997,0.26266085165731035,0.21609718238834252,0.5212419659543472,A
Nottingham Forest,Arsenal,2026-01-17,TBD,1802.86804199,1993.34033203,-190.47229003999996,0.2266177299221584,0.20268741735834786,0.5706948527194937,A
Sunderland,Crystal Palace,2026-01-17,TBD,1547.09912109,1835.04040527,-287.94128418000014,0.08999024819203143,0.12836961435077512,0.7816401374571935,A
Tottenham Hotspur,West Ham United,2026-01-17,TBD,1774.00671387,1750.13244629,23.87426758000015,0.511145832990857,0.25248105416938804,0.23637311283975493,H
Wolves,Newcastle United,2026-01-17,TBD,1735.76245117,1868.5526123,-132.7901611299999,0.28045870953868957,0.22329407663835782,0.4962472138229527,A
AFC Bournemouth,Liverpool,2026-01-24,TBD,1808.09533691,1993.41784668,-185.3225097699999,0.23413742718921218,0.20555429757860222,0.5603082752321856,A
Arsenal,Manchester United,2026-01-24,TBD,1993.34033203,1799.46289062,193.87744140999985,0.7476799196178187,0.19314735392341145,0.05917272645876999,H
Brentford,Nottingham Forest,2026-01-24,TBD,1811.27441406,1802.86804199,8.406372070000089,0.5014896568056395,0.25198084116796,0.2465295020264005,H
Burnley,Tottenham Hotspur,2026-01-24,TBD,1729.59765625,1774.00671387,-44.40905762000011,0.40134104830757816,0.24910366819130803,0.3495552835011137,H
Crystal Palace,Chelsea,2026-01-24,TBD,1835.04040527,1902.80114746,-67.76074218999997,0.4013964006502348,0.24660932467352825,0.351994274676237,H
Everton,Leeds United,2026-01-24,TBD,1793.97998047,1722.36022949,71.61975098000016,0.5789434513132095,0.24574861684573085,0.17530793184105972,H
Fulham,Brighton & Hove Albion,2026-01-24,TBD,1781.72058105,1827.12902832,-45.408447270000124,0.41646194320725044,0.24952643731537077,0.3340116194773788,H
Manchester City,Wolves,2026-01-24,TBD,1959.9440918,1735.76245117,224.18164062999995,0.7643988822458294,0.18550614011728514,0.050094977636885404,H
Newcastle United,Aston Villa,2026-01-24,TBD,1868.5526123,1872.8392334,-4.286621100000048,0.501718609984219,0.25070844589162594,0.247572944124155,H
West Ham United,Sunderland,2026-01-24,TBD,1750.13244629,1547.09912109,203.03332520000004,0.7078266134078405,0.21281961180353873,0.07935377478862075,H
Aston Villa,Brentford,2026-01-31,TBD,1872.8392334,1811.27441406,61.564819339999985,0.5886055776560324,0.24273664383286328,0.1686577785111044,H
Brighton & Hove Albion,Everton,2026-01-31,TBD,1827.12902832,1793.97998047,33.14904784999999,0.5394845976438426,0.24958637177558046,0.21092903058057696,H
Chelsea,West Ham United,2026-01-31,TBD,1902.80114746,1750.13244629,152.66870117000008,0.6943382261834122,0.21570659306465761,0.08995518075193021,H
Leeds United,Arsenal,2026-01-31,TBD,1722.36022949,1993.34033203,-270.98010253999996,0.1286366231190879,0.15373932058169337,0.7176240562992185,A
Liverpool,Newcastle United,2026-01-31,TBD,1993.41784668,1868.5526123,124.86523437999995,0.6879239293162449,0.21660147366359625,0.09547459702015872,H
Manchester United,Fulham,2026-01-31,TBD,1799.46289062,1781.72058105,17.74230957000009,0.5105942142314366,0.2519451945158787,0.23746059125268468,H
Nottingham Forest,Crystal Palace,2026-01-31,TBD,1802.86804199,1835.04040527,-32.17236328000013,0.4420714564079252,0.25108559578119194,0.3068429478108828,H
Sunderland,Burnley,2026-01-31,TBD,1547.09912109,1729.59765625,-182.49853516000007,0.174352085077508,0.18379668104390293,0.641851233878589,A
Tottenham Hotspur,Manchester City,2026-01-31,TBD,1774.00671387,1959.9440918,-185.9373779299999,0.22453744170282874,0.20246386070509712,0.5729986975920742,A
Wolves,AFC Bournemouth,2026-01-31,TBD,1735.76245117,1808.09533691,-72.33288573999994,0.3634996278232478,0.24333077467362854,0.3931695975031238,A
AFC Bournemouth,Aston Villa,2026-02-07,TBD,1808.09533691,1872.8392334,-64.74389649,0.3971567030496587,0.24672076746877283,0.3561225294815685,H
Arsenal,Sunderland,2026-02-07,TBD,1993.34033203,1547.09912109,446.24121094,0.8807502365653701,0.11031672071524824,0.008933042719381728,H
Brighton & Hove Albion,Crystal Palace,2026-02-07,TBD,1827.12902832,1835.04040527,-7.911376949999976,0.48387702268471683,0.25184203309378966,0.26428094422149345,H
Burnley,West Ham United,2026-02-07,TBD,1729.59765625,1750.13244629,-20.53479003999996,0.43540426707357005,0.2523583249795719,0.3122374079468581,H
Fulham,Everton,2026-02-07,TBD,1781.72058105,1793.97998047,-12.259399420000136,0.46357704797158794,0.2525616703458013,0.2838612816826107,H
Leeds United,Nottingham Forest,2026-02-07,TBD,1722.36022949,1802.86804199,-80.5078125,0.3477829574216888,0.2406833390918337,0.41153370348647744,A
Liverpool,Manchester City,2026-02-07,TBD,1993.41784668,1959.9440918,33.47375487999989,0.5877876036839714,0.2405432549671203,0.17166914134890815,H
Manchester United,Tottenham Hotspur,2026-02-07,TBD,1799.46289062,1774.00671387,25.45617674999994,0.5209970834003972,0.2514524442298429,0.2275504723697599,H
Newcastle United,Brentford,2026-02-07,TBD,1868.5526123,1811.27441406,57.27819823999994,0.5821602995014594,0.24381274481568002,0.17402695568286058,H
Wolves,Chelsea,2026-02-07,TBD,1735.76245117,1902.80114746,-167.03869628999996,0.23714885438820982,0.20830261771299746,0.5545485278987927,A
Aston Villa,Brighton & Hove Albion,2026-02-11,TBD,1872.8392334,1827.12902832,45.71020507999992,0.5689590390305488,0.24555173195843003,0.1854892290110212,H
Brentford,Arsenal,2026-02-11,TBD,1811.27441406,1993.34033203,-182.06591796999987,0.23892826214119775,0.2073269030357997,0.5537448348230026,A
Chelsea,Leeds United,2026-02-11,TBD,1902.80114746,1722.36022949,180.4409179700001,0.7193130821677894,0.20635396119029034,0.07433295664192019,H
Crystal Palace,Burnley,2026-02-11,TBD,1835.04040527,1729.59765625,105.44274902000006,0.629760065132414,0.23541888926562748,0.13482104560195865,H
Everton,AFC Bournemouth,2026-02-11,TBD,1793.97998047,1808.09533691,-14.115356439999914,0.4648204691694325,0.2523163968529718,0.28286313397759577,H
Manchester City,Fulham,2026-02-11,TBD,1959.9440918,1781.72058105,178.22351075000006,0.728782574233472,0.20178504941465417,0.06943237635187381,H
Nottingham Forest,Wolves,2026-02-11,TBD,1802.86804199,1735.76245117,67.10559081999986,0.5758554643453363,0.24601772535643585,0.17812681029822786,H
Sunderland,Liverpool,2026-02-11,TBD,1547.09912109,1993.41784668,-446.31872559,0.028751916503738862,0.06460018022454868,0.9066479032717124,A
Tottenham Hotspur,Newcastle United,2026-02-11,TBD,1774.00671387,1868.5526123,-94.54589842999985,0.3440658586451088,0.23869787549945232,0.4172362658554388,A
West Ham United,Manchester United,2026-02-11,TBD,1750.13244629,1799.46289062,-49.33044433000009,0.4008188119234794,0.24855203677440288,0.3506291513021178,H
Aston Villa,Leeds United,2026-02-21,TBD,1872.8392334,1722.36022949,150.47900391000007,0.6856400292924811,0.21909954568982706,0.09526042501769186,H
Brentford,Brighton & Hove Albion,2026-02-21,TBD,1811.27441406,1827.12902832,-15.854614260000062,0.4678102488451569,0.2519988846999711,0.28019086645487207,H
Chelsea,Burnley,2026-02-21,TBD,1902.80114746,1729.59765625,173.20349121000004,0.7130100313715341,0.20883658444620176,0.07815338418226415,H
Crystal Palace,Wolves,2026-02-21,TBD,1835.04040527,1735.76245117,99.27795409999999,0.6228223817034697,0.23697921117310822,0.14019840712342205,H
Everton,Manchester United,2026-02-21,TBD,1793.97998047,1799.46289062,-5.482910149999952,0.476918688867136,0.2525518894473086,0.2705294216855553,H
Manchester City,Newcastle United,2026-02-21,TBD,1959.9440918,1868.5526123,91.39147950000006,0.645838669891254,0.22939653136256144,0.12476479874618464,H
Nottingham Forest,Liverpool,2026-02-21,TBD,1802.86804199,1993.41784668,-190.54980468999997,0.22652591384524523,0.20265035077417815,0.5708237353805766,A
Sunderland,Fulham,2026-02-21,TBD,1547.09912109,1781.72058105,-234.62145996000004,0.12736601492141048,0.15591815588165825,0.7167158291969313,A
Tottenham Hotspur,Arsenal,2026-02-21,TBD,1774.00671387,1993.34033203,-219.3336181599998,0.18721183420413606,0.18577861182112732,0.6270095539747366,A
West Ham United,AFC Bournemouth,2026-02-21,TBD,1750.13244629,1808.09533691,-57.96289062000005,0.3884809911377139,0.2469408574650425,0.3645781513972436,H
AFC Bournemouth,Sunderland,2026-02-28,TBD,1808.09533691,1547.09912109,260.9962158200001,0.7649543621355727,0.18667476619431647,0.04837087167011077,H
Arsenal,Chelsea,2026-02-28,TBD,1993.34033203,1902.80114746,90.53918456999986,0.6531599377309146,0.22694841920251782,0.11989164306656742,H
Brighton & Hove Albion,Nottingham Forest,2026-02-28,TBD,1827.12902832,1802.86804199,24.26098633000015,0.5277303576506495,0.2504530236713785,0.2218166186779721,H
Burnley,Brentford,2026-02-28,TBD,1729.59765625,1811.27441406,-81.67675781000003,0.3483845509406507,0.24063123944018494,0.4109842096191643,A
Fulham,Tottenham Hotspur,2026-02-28,TBD,1781.72058105,1774.00671387,7.713867179999852,0.4914223767859393,0.2528241549679907,0.2557534682460699,H
Leeds United,Manchester City,2026-02-28,TBD,1722.36022949,1959.9440918,-237.5838623100001,0.15781266562164797,0.17137935776879723,0.6708079766095547,A
Liverpool,West Ham United,2026-02-28,TBD,1993.41784668,1750.13244629,243.28540038999995,0.7830206680319008,0.17553802697289328,0.04144130499520575,H
Manchester United,Crystal Palace,2026-02-28,TBD,1799.46289062,1835.04040527,-35.57751465000001,0.43614198110107194,0.25077355689417535,0.31308446200475276,H
Newcastle United,Everton,2026-02-28,TBD,1868.5526123,1793.97998047,74.57263182999986,0.6030595913305568,0.2403418218243942,0.15659858684504901,H
Wolves,Aston Villa,2026-02-28,TBD,1735.76245117,1872.8392334,-137.07678222999994,0.27485547618229866,0.2215403119015267,0.5036042119161745,A
AFC Bournemouth,Brentford,2026-03-04,TBD,1808.09533691,1811.27441406,-3.179077150000012,0.4845279204399086,0.2522712054550643,0.263200874105027,H
Aston Villa,Chelsea,2026-03-04,TBD,1872.8392334,1902.80114746,-29.961914060000026,0.4673214659771473,0.2505803227179831,0.2820982113048697,H
Brighton & Hove Albion,Arsenal,2026-03-04,TBD,1827.12902832,1993.34033203,-166.2113037099998,0.2630750951599398,0.21561378956850497,0.5213111152715552,A
Everton,Burnley,2026-03-04,TBD,1793.97998047,1729.59765625,64.3823242200001,0.5699414092357818,0.2470024373322848,0.1830561534319333,H
Fulham,West Ham United,2026-03-04,TBD,1781.72058105,1750.13244629,31.588134760000003,0.5238545727826113,0.25167077624527573,0.22447465097211308,H
Leeds United,Sunderland,2026-03-04,TBD,1722.36022949,1547.09912109,175.2611084,0.6757726393552036,0.2245493832819466,0.09967797736284988,H
Manchester City,Nottingham Forest,2026-03-04,TBD,1959.9440918,1802.86804199,157.0760498100001,0.7105473583451035,0.20903965382987644,0.08041298782502013,H
Newcastle United,Manchester United,2026-03-04,TBD,1868.5526123,1799.46289062,69.08972167999991,0.5965227488826551,0.24150521636685707,0.1619720347504878,H
Tottenham Hotspur,Crystal Palace,2026-03-04,TBD,1774.00671387,1835.04040527,-61.03369139999995,0.3916525141153967,0.24680829638995894,0.36153918949464436,H
Wolves,Liverpool,2026-03-04,TBD,1735.76245117,1993.41784668,-257.65539550999983,0.1422670056287537,0.16205575859651472,0.6956772357747316,A
Arsenal,Everton,2026-03-14,TBD,1993.34033203,1793.97998047,199.3603515599998,0.7518883566040553,0.19120358020301614,0.05690806319292845,H
Brentford,Wolves,2026-03-14,TBD,1811.27441406,1735.76245117,75.51196288999995,0.5885266462244252,0.24393508517611104,0.16753826859946375,H
Burnley,AFC Bournemouth,2026-03-14,TBD,1729.59765625,1808.09533691,-78.49768066000001,0.3528604344442606,0.24151033485804893,0.4056292306976904,A
Chelsea,Newcastle United,2026-03-14,TBD,1902.80114746,1868.5526123,34.248535160000074,0.5630418647720066,0.24567221140004045,0.1912859238279529,H
Crystal Palace,Leeds United,2026-03-14,TBD,1835.04040527,1722.36022949,112.68017578000013,0.6377647612083208,0.2335127603947564,0.12872247839692283,H
Liverpool,Tottenham Hotspur,2026-03-14,TBD,1993.41784668,1774.00671387,219.4111328099998,0.7666653325543087,0.1840540590164008,0.0492806084292905,H
Manchester United,Aston Villa,2026-03-14,TBD,1799.46289062,1872.8392334,-73.37634277999996,0.3820678632770546,0.24484012519387183,0.3730920115290735,H
Nottingham Forest,Fulham,2026-03-14,TBD,1802.86804199,1781.72058105,21.147460939999974,0.516234327225017,0.2516242806474465,0.23214139212753646,H
Sunderland,Brighton & Hove Albion,2026-03-14,TBD,1547.09912109,1827.12902832,-280.02990723000016,0.09489002157854227,0.13232187987478028,0.7727880985466774,A
West Ham United,Manchester City,2026-03-14,TBD,1750.13244629,1959.9440918,-209.81164551000006,0.19181546987882178,0.18848369284214025,0.6197008372790379,A
AFC Bournemouth,Manchester United,2026-03-21,TBD,1808.09533691,1799.46289062,8.632446289999962,0.5008217333784711,0.25206800743202307,0.24711025918950583,H
Aston Villa,West Ham United,2026-03-21,TBD,1872.8392334,1750.13244629,122.70678711000005,0.6577921528671059,0.22763104557331565,0.11457680155957847,H
Brighton & Hove Albion,Liverpool,2026-03-21,TBD,1827.12902832,1993.41784668,-166.28881835999982,0.262975947003147,0.21558045729492933,0.5214435957019237,A
Everton,Chelsea,2026-03-21,TBD,1793.97998047,1902.80114746,-108.82116698999994,0.3302626080955891,0.23523409242281038,0.43450329948160055,A
Fulham,Burnley,2026-03-21,TBD,1781.72058105,1729.59765625,52.122924799999964,0.5508191132566129,0.24948799271578787,0.19969289402759924,H
Leeds United,Brentford,2026-03-21,TBD,1722.36022949,1811.27441406,-88.91418457000009,0.3360142978365015,0.23821428655231466,0.42577141561118376,A
Manchester City,Crystal Palace,2026-03-21,TBD,1959.9440918,1835.04040527,124.90368652999996,0.6804141541438917,0.21952703063221535,0.10005881522389293,H
Newcastle United,Sunderland,2026-03-21,TBD,1868.5526123,1547.09912109,321.45349121000004,0.8122846143728449,0.15944953668383327,0.028265848943321653,H
Tottenham Hotspur,Nottingham Forest,2026-03-21,TBD,1774.00671387,1802.86804199,-28.861328119999826,0.437632329695835,0.2514717579423328,0.31089591236183234,H
Wolves,Arsenal,2026-03-21,TBD,1735.76245117,1993.34033203,-257.5778808599998,0.14233459992763672,0.16209670906941592,0.6955686910029474,A
Arsenal,AFC Bournemouth,2026-04-11,TBD,1993.34033203,1808.09533691,185.24499511999988,0.7409003181681441,0.1961944762481952,0.06290520558366074,H
Brentford,Everton,2026-04-11,TBD,1811.27441406,1793.97998047,17.294433589999926,0.5135852993127852,0.25156240703178867,0.2348522936554261,H
Burnley,Brighton & Hove Albion,2026-04-11,TBD,1729.59765625,1827.12902832,-97.53137207000009,0.3262581184927468,0.23583348990892744,0.4379083915983258,A
Chelsea,Manchester City,2026-04-11,TBD,1902.80114746,1959.9440918,-57.142944339999985,0.438203449673646,0.24850945086735574,0.31328709945899835,H
Crystal Palace,Newcastle United,2026-04-11,TBD,1835.04040527,1868.5526123,-33.5122070299999,0.45036116400270215,0.2508023072999311,0.2988365286973667,H
Liverpool,Fulham,2026-04-11,TBD,1993.41784668,1781.72058105,211.69726562999995,0.7611002008895739,0.18680609027998776,0.05209370883043834,H
Manchester United,Leeds United,2026-04-11,TBD,1799.46289062,1722.36022949,77.10266113000012,0.5871918336047577,0.244377657088473,0.1684305093067693,H
Nottingham Forest,Aston Villa,2026-04-11,TBD,1802.86804199,1872.8392334,-69.97119141000007,0.3880144757742813,0.24562099604480286,0.36636452818091575,H
Sunderland,Tottenham Hotspur,2026-04-11,TBD,1547.09912109,1774.00671387,-226.9075927800002,0.13365262351973672,0.16003353425604022,0.706313842224223,A
West Ham United,Wolves,2026-04-11,TBD,1750.13244629,1735.76245117,14.369995119999885,0.4908306045002448,0.25353940099011374,0.25562999450964147,H
Aston Villa,Sunderland,2026-04-18,TBD,1872.8392334,1547.09912109,325.7401123100001,0.8152309153740959,0.15757699944527917,0.027192085180625054,H
Brentford,Fulham,2026-04-18,TBD,1811.27441406,1781.72058105,29.553833010000062,0.5300158810624452,0.2506396534147014,0.21934446552285333,H
Chelsea,Manchester United,2026-04-18,TBD,1902.80114746,1799.46289062,103.33825683999999,0.6445497336669147,0.23067611512920336,0.12477415120388187,H
Crystal Palace,West Ham United,2026-04-18,TBD,1835.04040527,1750.13244629,84.9079589800001,0.6062289206487756,0.2403722020911385,0.1533988772600859,H
Everton,Liverpool,2026-04-18,TBD,1793.97998047,1993.41784668,-199.4378662099998,0.2139096497167216,0.19758674880585878,0.5885036014774196,A
Leeds United,Wolves,2026-04-18,TBD,1722.36022949,1735.76245117,-13.402221680000139,0.4432414289318568,0.2530350455041758,0.30372352556396726,H
Manchester City,Arsenal,2026-04-18,TBD,1959.9440918,1993.34033203,-33.396240229999876,0.48981058120727855,0.24885502010846283,0.26133439868425856,H
Newcastle United,AFC Bournemouth,2026-04-18,TBD,1868.5526123,1808.09533691,60.45727538999995,0.5860631548341542,0.2432192094946595,0.17071763567118636,H
Nottingham Forest,Burnley,2026-04-18,TBD,1802.86804199,1729.59765625,73.27038573999994,0.5834587398434826,0.24489685428029073,0.17164440587622662,H
Tottenham Hotspur,Brighton & Hove Albion,2026-04-18,TBD,1774.00671387,1827.12902832,-53.122314449999976,0.4029717607031325,0.248243438605238,0.3487848006916295,H
AFC Bournemouth,Leeds United,2026-04-25,TBD,1808.09533691,1722.36022949,85.73510742000008,0.5999389982807176,0.24204176469559247,0.15801923702368992,H
Arsenal,Newcastle United,2026-04-25,TBD,1993.34033203,1868.5526123,124.78771972999994,0.6878320339075079,0.21663299084039306,0.09553497525209904,H
Brighton & Hove Albion,Chelsea,2026-04-25,TBD,1827.12902832,1902.80114746,-75.67211913999995,0.3875451860578558,0.2449791520230818,0.36747566191906234,H
Burnley,Manchester City,2026-04-25,TBD,1729.59765625,1959.9440918,-230.34643555000002,0.1662405690971657,0.17588821675532723,0.657871214147507,A
Fulham,Aston Villa,2026-04-25,TBD,1781.72058105,1872.8392334,-91.11865235000005,0.35128513629384,0.23996335443735867,0.4087515092688013,A
Liverpool,Crystal Palace,2026-04-25,TBD,1993.41784668,1835.04040527,158.37744140999985,0.7185701775581778,0.20551429777718913,0.07591552466463324,H
Manchester United,Brentford,2026-04-25,TBD,1799.46289062,1811.27441406,-11.811523439999974,0.469779007914915,0.2523136543850833,0.27790733770000176,H
Sunderland,Nottingham Forest,2026-04-25,TBD,1547.09912109,1802.86804199,-255.7689209,0.1112949484803215,0.14476488319843697,0.7439401683212415,A
West Ham United,Everton,2026-04-25,TBD,1750.13244629,1793.97998047,-43.84753418000014,0.40865904027106276,0.24945944700695766,0.3418815127219796,H
Wolves,Tottenham Hotspur,2026-04-25,TBD,1735.76245117,1774.00671387,-38.244262700000036,0.41210619260614756,0.25017044168621494,0.33772336570763745,H
AFC Bournemouth,Crystal Palace,2026-05-02,TBD,1808.09533691,1835.04040527,-26.94506836000005,0.45115099365746797,0.2514649691982155,0.2973840371443166,H
Arsenal,Fulham,2026-05-02,TBD,1993.34033203,1781.72058105,211.61975097999994,0.7610301471174133,0.18684103426017357,0.05212881862241298,H
Aston Villa,Tottenham Hotspur,2026-05-02,TBD,1872.8392334,1774.00671387,98.8325195299999,0.6320575133551591,0.23422917571928606,0.13371331092555472,H
Brentford,West Ham United,2026-05-02,TBD,1811.27441406,1750.13244629,61.141967770000065,0.5707991550115502,0.24654319100926916,0.18265765397918057,H
Chelsea,Nottingham Forest,2026-05-02,TBD,1902.80114746,1802.86804199,99.9331054700001,0.640851065301884,0.2316035993466255,0.12754533535149065,H
Everton,Manchester City,2026-05-02,TBD,1793.97998047,1959.9440918,-165.96411132999992,0.25419083982906765,0.21329815494869606,0.5325110052222364,A
Leeds United,Burnley,2026-05-02,TBD,1722.36022949,1729.59765625,-7.237426760000062,0.45196537608655996,0.2534928098671563,0.2945418140462838,H
Manchester United,Liverpool,2026-05-02,TBD,1799.46289062,1993.41784668,-193.95495605999986,0.2216432556989757,0.20072825675299405,0.5776284875480302,A
Newcastle United,Brighton & Hove Albion,2026-05-02,TBD,1868.5526123,1827.12902832,41.423583979999876,0.5622996123104845,0.24645216236127257,0.19124822532824293,H
Wolves,Sunderland,2026-05-02,TBD,1735.76245117,1547.09912109,188.66333008000015,0.6916386068801237,0.21899483693631236,0.08936655618356398,H
Brighton & Hove Albion,Wolves,2026-05-09,TBD,1827.12902832,1735.76245117,91.36657715000001,0.6116627494186495,0.23945771359934356,0.14887953698200698,H
Burnley,Aston Villa,2026-05-09,TBD,1729.59765625,1872.8392334,-143.24157715,0.2651516755556134,0.21851559235339382,0.5163327320909927,A
Crystal Palace,Everton,2026-05-09,TBD,1835.04040527,1793.97998047,41.060424799999964,0.5521098809531128,0.24825418420991335,0.1996359348369739,H
Fulham,AFC Bournemouth,2026-05-09,TBD,1781.72058105,1808.09533691,-26.37475586000005,0.44361288331445026,0.25167147828450825,0.3047156384010416,H
Liverpool,Chelsea,2026-05-09,TBD,1993.41784668,1902.80114746,90.61669921999987,0.6532612632887754,0.2269202860576389,0.11981845065358565,H
Manchester City,Brentford,2026-05-09,TBD,1959.9440918,1811.27441406,148.66967774,0.7029569755246249,0.21185401935650727,0.08518900511886783,H
Nottingham Forest,Newcastle United,2026-05-09,TBD,1802.86804199,1868.5526123,-65.68457031000003,0.3941499630742044,0.24645574871283674,0.3593942882129588,H
Sunderland,Manchester United,2026-05-09,TBD,1547.09912109,1799.46289062,-252.36376953000013,0.11376908460639364,0.14654467322342662,0.7396862421701798,A
Tottenham Hotspur,Leeds United,2026-05-09,TBD,1774.00671387,1722.36022949,51.646484380000174,0.5479488808845999,0.24993468019010437,0.20211643892529568,H
West Ham United,Arsenal,2026-05-09,TBD,1750.13244629,1993.34033203,-243.20788573999994,0.15819024156153422,0.17106986496076598,0.6707398934776999,A
AFC Bournemouth,Manchester City,2026-05-17,TBD,1808.09533691,1959.9440918,-151.84875489,0.27625928130575433,0.22032935398798803,0.5034113647062576,A
Arsenal,Burnley,2026-05-17,TBD,1993.34033203,1729.59765625,263.7426757799999,0.7960341540530177,0.16829433356956247,0.03567151237741987,H
Aston Villa,Liverpool,2026-05-17,TBD,1872.8392334,1993.41784668,-120.5786132799999,0.3381012816287221,0.2351064974528463,0.42679222091843155,A
Brentford,Crystal Palace,2026-05-17,TBD,1811.27441406,1835.04040527,-23.76599121000004,0.4566567929295976,0.25163698842234306,0.2917062186480594,H
Chelsea,Tottenham Hotspur,2026-05-17,TBD,1902.80114746,1774.00671387,128.79443358999993,0.671125191459069,0.2232736497474224,0.10560115879350869,H
Everton,Sunderland,2026-05-17,TBD,1793.97998047,1547.09912109,246.88085938000017,0.7521891792921902,0.19312962240643153,0.05468119830137835,H
Leeds United,Brighton & Hove Albion,2026-05-17,TBD,1722.36022949,1827.12902832,-104.76879883000015,0.3141073169997986,0.23304464623613932,0.45284803676406205,A
Manchester United,Nottingham Forest,2026-05-17,TBD,1799.46289062,1802.86804199,-3.405151369999885,0.48152543409236753,0.25246086388153605,0.2660137020260965,H
Newcastle United,West Ham United,2026-05-17,TBD,1868.5526123,1750.13244629,118.42016601,0.6522500474956634,0.22922383439265162,0.11852611811168497,H
Wolves,Fulham,2026-05-17,TBD,1735.76245117,1781.72058105,-45.95812987999989,0.4010820670781331,0.2489256900638867,0.3499922428579802,H
Brighton & Hove Albion,Manchester United,2026-05-24,TBD,1827.12902832,1799.46289062,27.666137700000036,0.5322540055610301,0.25014460554597995,0.21760138889298997,H
Burnley,Wolves,2026-05-24,TBD,1729.59765625,1735.76245117,-6.164794920000077,0.4557596925330512,0.25348911549010705,0.29075119197684157,H
Crystal Palace,Arsenal,2026-05-24,TBD,1835.04040527,1993.34033203,-158.29992675999983,0.27554305737377316,0.21949038947361185,0.504966553152615,A
Fulham,Newcastle United,2026-05-24,TBD,1781.72058105,1868.5526123,-86.83203125,0.35734242130099736,0.2411179977261983,0.40153958097280434,A
Liverpool,Brentford,2026-05-24,TBD,1993.41784668,1811.27441406,182.14343261999988,0.7384325299649247,0.197277234941861,0.06429023509321427,H
Manchester City,Aston Villa,2026-05-24,TBD,1959.9440918,1872.8392334,87.10485840000001,0.6411779938814196,0.2305586961508446,0.12826330996773572,H
Nottingham Forest,AFC Bournemouth,2026-05-24,TBD,1802.86804199,1808.09533691,-5.227294920000077,0.48005009081506406,0.25237644337240017,0.26757346581253577,H
Sunderland,Chelsea,2026-05-24,TBD,1547.09912109,1902.80114746,-355.7020263700001,0.05614185434364287,0.09726735438363163,0.8465907912727255,A
Tottenham Hotspur,Everton,2026-05-24,TBD,1774.00671387,1793.97998047,-19.973266599999988,0.450253605771451,0.252211355253304,0.29753503897524486,H
West Ham United,Leeds United,2026-05-24,TBD,1750.13244629,1722.36022949,27.772216800000024,0.5091527723817191,0.2530847626074499,0.237762465010831,H
